cluster,size,silhouette,calinski_harabasz,davies_bouldin
0,542,0.298681900232729,1459.928003894766,1.0553266233224068
1,673,0.298681900232729,1459.928003894766,1.0553266233224068
2,167,0.298681900232729,1459.928003894766,1.0553266233224068
3,920,0.298681900232729,1459.928003894766,1.0553266233224068
4,345,0.298681900232729,1459.928003894766,1.0553266233224068
