cluster,size,silhouette,calinski_harabasz,davies_bouldin
0,542,0.29868191637235064,1459.9280259122236,1.0553266947597808
1,673,0.29868191637235064,1459.9280259122236,1.0553266947597808
2,167,0.29868191637235064,1459.9280259122236,1.0553266947597808
3,920,0.29868191637235064,1459.9280259122236,1.0553266947597808
4,345,0.29868191637235064,1459.9280259122236,1.0553266947597808
