cluster,size,silhouette,calinski_harabasz,davies_bouldin
0,542,0.29868196917773,1459.9281736323746,1.0553264400264553
1,673,0.29868196917773,1459.9281736323746,1.0553264400264553
2,167,0.29868196917773,1459.9281736323746,1.0553264400264553
3,920,0.29868196917773,1459.9281736323746,1.0553264400264553
4,345,0.29868196917773,1459.9281736323746,1.0553264400264553
